Title,Takeaway,Authors,Year,Citations,Abstract,Study Type,Journal,Journal SJR Quartile,DOI,Consensus Link
"AGV fuzzy control optimized by genetic algorithms","The intelligent controller for hybrid AGVs, based on fuzzy logic and genetic algorithms, improves efficiency and saves energy while maintaining safety.","J. Sierra-García, Matilde Santos",2024,5,"
 Automated Guided Vehicles (AGV) are an essential element of transport in industry 4.0. Although they may seem simple systems in terms of their kinematics, their dynamics is very complex, and it requires robust and efficient controllers for their routes in the workspaces. In this paper, we present the design and implementation of an intelligent controller of a hybrid AGV based on fuzzy logic. In addition, genetic algorithms have been used to optimize the speed control strategy, aiming at improving efficiency and saving energy. The control architecture includes a fuzzy controller for trajectory tracking that has been enhanced with genetic algorithms. The cost function first maximizes the time in the circuit and then minimizes the guiding error. It has been validated on the mathematical model of a commercial hybrid AGV that merges tricycle and differential robot components. This model not only considers the kinematics and dynamics equations of the vehicle but also the impact of friction. The performance of the intelligent control strategy is compared with an optimized PID controller. Four paths were simulated to test the approach validity.","","Log. J. IGPL","2","10.1093/jigpal/jzae033","https://consensus.app/papers/agv-fuzzy-control-optimized-by-genetic-algorithms-sierra-garca-santos/d860f344993856cb9d53a770fc4ffbda/"
"Fuzzy logic controller for UAV with gains optimized via genetic algorithm","The Genetic Algorithm optimizes gains in a fuzzy controller for UAVs, reducing tracking error and improving energy efficiency.","Omar Rodríguez-Abreo, J. Rodríguez-Reséndíz, A. García-Cerezo, José R. García-Martínez",2024,40,"","","Heliyon","1","10.1016/j.heliyon.2024.e26363","https://consensus.app/papers/fuzzy-logic-controller-for-uav-with-gains-optimized-via-rodrguez-abreo-rodrguez-resndz/93441505bb9b5cb4a933e827086ddcc6/"
"Development of computer-controlled material handling model by means of fuzzy logic and genetic algorithms","This study developed a computer-controlled material handling model using fuzzy logic and genetic algorithms for automated guided vehicle (AGV) path routing, effectively guiding the human driver and improving overall manufacturing efficiency.","A. Gola, G. Kłosowski",2019,54,"","","Neurocomputing","1","10.1016/j.neucom.2018.05.125","https://consensus.app/papers/development-of-computercontrolled-material-handling-gola-kosowski/9ee437fc5f0456259179f1c17ce7f61c/"
"Performance comparison of controllers’ design on trajectory tracking of public autonomous vehicle based on genetic algorithm","The SMC controller significantly improves trajectory tracking performance, while the FLC-Trimf and PAC controllers show similar performance.","Ngoc Dai Pham, H. Tran, Quang Lam Tran, Viet Thang Vu",2025,0,"This research proposes novel methods of designing Sliding Mode (SMC), Fuzzy Logic (FLC) controllers to control the vehicle for tracking various trajectories. The first contribution is the development of the SMC design method applying the Decoupled Algorithm and the Hurwitz condition to minimize the number of control variables and accurately determine relationships between sliding surface parameters. The second contribution is an FLC design method with completely new fuzzy rules that ensure the lateral tracking by only two input variables (lateral ey and heading eϕ errors). Additionally, the study applies ANFIS to develop a single controller, PAC, capable of operating effectively under various scenarios without complex parameter updates, using FLC’s data. The scenarios used in the study include closed-loop and short open-loop routes simulating vehicle’s typical routes designed with Matlab Driving-Scenario Designer. Compared with the FLC–Trimf–Gauss controller, the SMC achieved significant performance, reducing the RMS ey and RMS eϕ by 45.5% and 30.7%, respectively; the FLC–Trimf and PAC controllers showed nearly the same performance, with reductions in RMS ey and RMS eϕ of 27.3% and 16.7%, respectively.","","Journal of Vibration and Control","2","10.1177/10775463251389675","https://consensus.app/papers/performance-comparison-of-controllers-design-on-pham-tran/1d747dfc41df538f8a4b19dc0a210d95/"
"Fuzzy domain and meta-heuristic algorithm-based collision avoidance control for ships: Experimental validation in virtual and real environment","The developed algorithm (ColAv_GA) effectively avoids collisions between ships and autonomous surface vehicles in both virtual and real environments, contributing to navigation safety.","R. Fışkın, Oğuz Atik, H. Kişi, E. Nasibov, T. Johansen",2021,66,"","","Ocean Engineering","1","10.1016/j.oceaneng.2020.108502","https://consensus.app/papers/fuzzy-domain-and-metaheuristic-algorithmbased-collision-fkn-atik/d39996733144538b95fb02c392695ff9/"
"A Comparative Study in Fuzzy Control Systems for Cruise Control Vehicles","Different fuzzy logic cruise controllers improve autonomous driving performance, with different methods yielding varying responses and output characteristics.","Adnan Shaout, Malek Amr",2025,0,"Aim: With cutting-edge technologies revolutionizing modern life, autonomous vehicles connected with in-frastructure applications are significantly impacting human life through technologies such as Vehi-cle-to-Everything (V2X), Vehicle-to-Infrastructure (V2I), and Vehicle-to-Vehicle (V2V). This paper pre-sents the state of the art in fuzzy models implementing adaptive cruise control (ACC) for vehicles and com-pares their respective results. 
Methods: The demand for efficient automobile cruise control systems is on the rise. However, these systems are very complex and require an accurate model, which is difficult to achieve due to complex and variable road conditions. Therefore, reaching level 5 autonomous driving, which refers to a fully automated vehicle capable of performing all driving functions, will eventually require fuzzy logic inference to help incorporate human-like thinking into the vehicle.
Results: This paper investigates both current and previous research, comparing the overall performance of various fuzzy systems to non-fuzzy systems.
Conclusion: This paper presents various fuzzy logic cruise controllers aimed at improving and enhancing the autonomous driving experience. Among the methods reviewed are Fuzzy PID controllers, Fuzzy MPC with Type 1 and Type 2 using genetic algorithms, and fuzzy cooperative adaptive cruise control. The challenging problem of comparing different algorithms for fuzzy cruise control has been considered, studied, and ana-lyzed. The main conclusion of this comparative study is that applying different methods to the same adaptive cruise control system results in varying responses and output characteristics.","","Journal of Engineering Research and Reviews","","10.5455/jerr.20250210105649","https://consensus.app/papers/a-comparative-study-in-fuzzy-control-systems-for-cruise-shaout-amr/da82e88fbf665534aa7a73df5976f5a1/"
"A review of the application of fuzzy mathematical algorithm-based approach in autonomous vehicles and drones","Fuzzy logic can improve autonomous vehicle and drone navigation, control, and decision-making, but computational efficiency and adaptability remain challenges.","Rashmi Singh, D. Nishad, Saifullah Khalid, Aryan Chaudhary",2024,20,"Autonomous vehicles (AVs) and unmanned aerial vehicles (UAVs) have brought about transformative changes in transportation and aviation. However, making these systems fully autonomous and able to navigate safely in unpredictable real-world situations remains a big challenge. Fuzzy logic and related mathematical algorithms have emerged as practical tools to tackle uncertainty and complex decision-making in these systems. This paper reviews how fuzzy logic and mathematical approaches are applied in areas like navigation, control, avoiding obstacles, planning routes, and decision-making for AVs and UAVs. It delves into the key methods, designs, pros, and cons of using fuzzy logic in autonomous vehicles. The paper also compares fuzzy logic with other AI techniques. The review shows that fuzzy logic manages the uncertainties and imprecision involved in how autonomous vehicles perceive and navigate dynamic environments. Fuzzy controllers often perform better than traditional methods in vehicle control and UAV direction control. High-level decisions and route planning in AVs have also benefited from fuzzy inference systems. Still, challenges like computational efficiency, adaptability, and integrating fuzzy logic with other AI components remain. The paper concludes with suggestions for future research to make autonomous vehicles and drones smarter and safer using fuzzy logic. This review is a useful guide for anyone developing intelligent autonomous systems.","literature review","International Journal of Intelligent Robotics and Applications","2","10.1007/s41315-024-00385-4","https://consensus.app/papers/a-review-of-the-application-of-fuzzy-mathematical-singh-nishad/87f8834a789d5bbaafd18748caab4dda/"
"HYBRID NEURO-FUZZY-GENETIC ALGORITHMS FOR OPTIMAL CONTROL OF AUTONOMOUS SYSTEMS","Hybrid neuro-fuzzy-genetic algorithms offer adaptive and optimal control for autonomous systems, combining neural networks, fuzzy logic, and genetic algorithms for real-time performance.","Veeranan Arunprasad, Brijendra Gupta, K. T, Muruganantham Ponnusamy",2023,2,"In recent years, there has been an increasing demand for efficient and robust control algorithms to optimize the performance of autonomous systems. Traditional control techniques often struggle to handle the complexity and uncertainty associated with such systems. To address these challenges, hybrid neuro-fuzzy-genetic algorithms have emerged as a promising approach. This paper presents a comprehensive review of the application of hybrid neuro-fuzzy-genetic algorithms for optimal control of autonomous systems. The proposed algorithms combine the strengths of neural networks, fuzzy logic, and genetic algorithms to achieve adaptive and optimal control in real-time scenarios. The neuro-fuzzy component provides the ability to model and handle complex and uncertain systems, while the genetic algorithm component facilitates the optimization of control parameters. The combination of these techniques enables autonomous systems to adapt and optimize their control strategies based on changing environments and objectives. The paper discusses the underlying principles of hybrid neuro-fuzzy-genetic algorithms, their advantages, and challenges. It also provides a review of the state-of-the-art research in this field, highlighting successful applications and potential future directions. Overall, the integration of neuro-fuzzy-genetic algorithms in autonomous systems holds great promise for achieving optimal control in various domains, including robotics, aerospace, and autonomous vehicles.","","ICTACT Journal on Soft Computing","","10.21917/ijsc.2023.0424","https://consensus.app/papers/hybrid-neurofuzzygenetic-algorithms-for-optimal-control-arunprasad-gupta/b6ce8bf528605354bbbc7f38f0efd7c5/"
"A modified sliding mode controller based on Fuzzy logic to control the longitudinal dynamics of the autonomous vehicle","Our modified sliding mode controller with fuzzy logic improves autonomous vehicle speed tracking and adaptive cruise control, reducing speed errors to 0.006 m/s.","Rachid Alika, E. Mellouli, E. Tissir",2024,24,"","","Results in Engineering","1","10.1016/j.rineng.2024.102120","https://consensus.app/papers/a-modified-sliding-mode-controller-based-on-fuzzy-logic-to-alika-mellouli/e65118f7483d506fa8d19d64750e9374/"
"A Fuzzy Control Strategy for Multi-Goal Autonomous Robot Navigation","This paper proposes a dual-controller system for autonomous robot navigation, combining TSP optimization with dynamic obstacle handling, ensuring collision-free navigation in unpredictable environments.","Stavros Stavrinidis, Paraskevi Zacharia, Elias K. Xidias",2025,11,"This paper addresses the complex problem of multi-goal robot navigation, framed as an NP-hard traveling salesman problem (TSP), in environments with both static and dynamic obstacles. The proposed approach integrates a novel path planning algorithm based on the Bump-Surface concept to optimize the shortest collision-free path among static obstacles, while a Genetic Algorithm (GA) is employed to determine the optimal sequence of goal points. To manage static or dynamic obstacles, two fuzzy controllers are developed: one for real-time path tracking and another for dynamic obstacle avoidance. This dual-controller system enables the robot to adaptively adjust its trajectory while ensuring collision-free navigation in unpredictable environments. The integration of fuzzy logic with TSP-based path planning and real-time dynamic obstacle handling represents a significant advancement in autonomous robot navigation. Simulations conducted in CoppeliaSim validate the effectiveness of the proposed method, demonstrating robust navigation and obstacle avoidance in realistic environments. This work provides a comprehensive framework for solving multi-goal navigation tasks by incorporating TSP optimization with dynamic, real-time path adjustments.","","Sensors (Basel, Switzerland)","1","10.3390/s25020446","https://consensus.app/papers/a-fuzzy-control-strategy-for-multigoal-autonomous-robot-stavrinidis-zacharia/0875b0c5a0115e558a5cbf51a8ca2ed0/"
"Development of Fuzzy Logic Controller in Automatic Vehicle Navigation using IoT","Fuzzy logic controllers, IoT, and genetic algorithms together enhance automatic vehicle navigation, enhancing safety, efficiency, and adaptability in complex driving scenarios.","V. P. Murugan, J. S. Christy, Mano Raj, K. Sundaram, K. Sivakumar",2024,3,"The integration of fuzzy logic controllers in automatic vehicle navigation systems represents a significant advancement in intelligent transportation systems, especially when paired with Internet of Things (IoT) functionalities and optimized through genetic algorithms. This innovative fusion harnesses the precision of fuzzy logic, the connectivity of IoT, and the optimization capabilities of genetic algorithms to transform automatic vehicle navigation. Fuzzy logic controllers excel in managing uncertainty and imprecision, providing decision-making capabilities akin to human reasoning. By simultaneously assessing multiple inputs and determining actions based on degrees of truth, fuzzy logic enables safe and efficient navigation in dynamic driving environments with fluctuating variables like obstacle proximity and traffic flow. IoT integration enhances navigation systems by enabling real-time data collection and sharing among vehicles and infrastructure, fostering adaptive route planning and improving the overall navigation experience. Genetic algorithms further optimize system performance by iteratively adjusting fuzzy logic controller parameters, ensuring efficient decision-making tailored to specific performance criteria such as travel time and fuel consumption. This collaborative integration of fuzzy logic controllers, IoT, and genetic algorithms offers a holistic solution to the challenges of automatic vehicle navigation, enhancing safety, efficiency, and adaptability in complex driving scenarios. Beyond enhancing individual vehicle performance, this approach contributes to overall transportation system efficiency and safety by mitigating traffic congestion, reducing emissions, and minimizing accidents. Consequently, these integrated systems address crucial societal challenges and pave the way for widespread adoption of autonomous vehicles in the future.","","Journal of Electrical Systems","4","10.52783/jes.1254","https://consensus.app/papers/development-of-fuzzy-logic-controller-in-automatic-murugan-christy/9906af5a67fa5d5e981f7b29040f313d/"
"Optimal Fuzzy Controller Design for Autonomous Robot Path Tracking Using Population-Based Metaheuristics","This study proposes an optimization method for autonomous robot path tracking using rear-wheel fuzzy logic controllers, resulting in better RMSE-measured performance compared to published results.","A. Mancilla, Mario García-Valdez, O. Castillo, J. J. M. Guervós",2022,26,"In this work, we propose, through the use of population-based metaheuristics, an optimization method that solves the problem of autonomous path tracking using a rear-wheel fuzzy logic controller. This approach enables the design of controllers using rules that are linguistically familiar to human users. Moreover, a new technique that uses three different paths to validate the performance of each candidate configuration is presented. We extend on our previous work by adding two more membership functions to the previous fuzzy model, intending to have a finer-grained adjustment. We tuned the controller using several well-known metaheuristic methods, Genetic Algorithms (GA), Particle Swarm Optimization (PSO), Grey Wolf Optimizer (GWO), Harmony Search (HS), and the recent Aquila Optimizer (AO) and Arithmetic Optimization Algorithms. Experiments validate that, compared to published results, the proposed fuzzy controllers have better RMSE-measured performance. Nevertheless, experiments also highlight problems with the common practice of evaluating the performance of fuzzy controllers with a single problem case and performance metric, resulting in controllers that tend to be overtrained.","","Symmetry","2","10.3390/sym14020202","https://consensus.app/papers/optimal-fuzzy-controller-design-for-autonomous-robot-path-mancilla-garca-valdez/3ba5edb4003054289be8808b8427a52d/"
"Path Planning of Mobile Robot Based on Dual-Layer Fuzzy Control and Improved Genetic Algorithm","The proposed method, integrating a dual-layer fuzzy control system and improved genetic algorithm, reduces path distance by up to 5.9% and number of turns by up to 85.7% in mobile robot path planning.","Yangxin Teng, Tingping Feng, Changlin Song, Junmin Li, Simon X. Yang, Hongjun Zhu",2025,7,"This study addresses the dual challenges of complex road environments and diverse task-safety requirements in mobile-robot path planning by proposing an innovative method that integrates a dual-layer fuzzy control system with an improved genetic algorithm. Initially, an expert system-based dual-layer fuzzy control system is developed. The first layer translates complex road conditions and obstacles into road-safety levels, while the second layer combines these with task-safety levels to generate fitness weights for the genetic algorithm. Furthermore, road-safety factors are incorporated into the genetic algorithm’s fitness function to enhance safety considerations in path planning. The algorithm implementation incorporates Bernoulli chaotic mapping, Gaussian operators, and Symmetrical Sigmoid operators to optimize the selection, crossover, and mutation processes, significantly boosting the algorithm’s global search capability and efficiency. Experimental results indicate that the proposed method reduces path distance by up to 5.9% and decreases the number of turns by up to 85.7%, demonstrating superior universality and robustness across various comparative experiments. This research contributes to resolving the issues posed by complex road environments and varying task-safety requirements in mobile-robot path planning.","","Symmetry","2","10.3390/sym17040609","https://consensus.app/papers/path-planning-of-mobile-robot-based-on-duallayer-fuzzy-teng-feng/6d88f6674fcd5e4796fb2b19c85ff447/"
"Genetic fuzzy tracking controllers for autonomous ground vehicles","Genetic algorithms can effectively design fuzzy logic controllers for autonomous ground vehicles, reducing the time-consuming fine-tuning process.","Yonggon Lee, S. Żak",2002,15,"Genetic algorithm (CA) based fuzzy logic controller (FLC) design methods are presented for the step-lane-change maneuver of an autonomous ground vehicle. Fuzzy logic allows us to incorporate expert knowledge in the controller design. However, the fine-tuning process of a fuzzy logic controller may be very tedious and time consuming. If the information, regarding the controller operation, derived from the expert knowledge is incomplete, then an appropriately designed genetic algorithm is employed to complete the rule base specifying the desired functioning of the controller.","","Proceedings of the 2002 American Control Conference (IEEE Cat. No.CH37301)","","10.1109/acc.2002.1023954","https://consensus.app/papers/genetic-fuzzy-tracking-controllers-for-autonomous-ground-lee-ak/e49225179a4b5be787dd9fcf17d3b6a4/"
"Optimal path planning and execution for mobile robots using genetic algorithm and adaptive fuzzy-logic control","Two-Kinect cameras and a Genetic Algorithm effectively optimize collision-free paths for indoor mobile robots, ensuring safe motion in indoor environments.","Azzeddine Bakdi, A. Hentout, Hakim Boutami, Abderraouf Maoudj, O. Hachour, B. Bouzouia",2017,217,"","","Robotics Auton. Syst.","","10.1016/j.robot.2016.12.008","https://consensus.app/papers/optimal-path-planning-and-execution-for-mobile-robots-bakdi-hentout/0ed6a6ee2cef53d1a38bfe0ff2b5ccf1/"
"Research on fuzzy control of path tracking for underwater vehicle based on genetic algorithm optimization","The optimized fuzzy controller for underwater vehicles, based on a line-of-sight method, ensures smooth and robust path tracking, ensuring strong robustness.","Jiawang Chen, Huangchao Zhu, Lei Zhang, Yuxia Sun",2018,77,"","","Ocean Engineering","1","10.1016/j.oceaneng.2018.03.010","https://consensus.app/papers/research-on-fuzzy-control-of-path-tracking-for-underwater-chen-zhu/2c8a847e3ba15265a1ca45b617321270/"
"Comparison between Genetic Algorithms of Proportional–Integral–Derivative and Linear Quadratic Regulator Controllers, and Fuzzy Logic Controllers for Cruise Control System","The Fuzzy-I controller provides smoother and more stable cruise control system responses, improving driving accuracy, safety, and comfortability in autonomous vehicles compared to PID and LQR controllers.","Ali Mahmood, Karrar Y. A. Al-bayati, R. Szabolcsi",2024,5,"One of the most significant and widely used features currently in autonomous vehicles is the cruise control system that not only deals with constant vehicle velocities but also aims to optimize the safety and comfortability of drivers and passengers. The accuracy and precision of system responses are responsible for cruise control system efficiency via control techniques and algorithms. This study presents the dynamic cruise control system model, then investigates a genetic algorithm of the proportional–integral–derivative (PID) controller with the linear quadratic regulator (LQR) based on four fitness functions, the mean squared error (MSE), the integral squared error (ISE), the integral time squared error (ITSE) and the integral time absolute error (ITAE). Then, the response of the two controllers, PID and LQR, with the genetic algorithm was compared to the response performance of the fuzzy and fuzzy integral (Fuzzy-I) controllers. The MATLAB 2024a program simulation was employed to represent the system time response of each proposed controller. The output simulation of these controllers shows that the type of system stability response was related to the type of controller implemented. The results show that the Fuzzy-I controller outperforms the other proposed controllers according to the least Jmin function, which represents the minimum summation of the overshoot, settling time, and steady-state error of the cruise control system. This study demonstrates the effectiveness of driving accuracy, safety, and comfortability during acceleration and deceleration due to the smoothness and stability of the Fuzzy-I controller with a settling time of 5.232 s and when converging the steady-state error to zero.","","World Electric Vehicle Journal","2","10.3390/wevj15080351","https://consensus.app/papers/comparison-between-genetic-algorithms-of-mahmood-al-bayati/4f346bacdb4c53a4bec26b28dd055384/"
"Intelligent fleet management of autonomous vehicles for city logistics","This paper proposes a novel approach for autonomous vehicle fleet management in urban areas, incorporating fuzzy logic concepts and a hybrid approach combining A-star and modified genetic algorithms.","E. Xidias, P. Zacharia, A. Nearchou",2022,21,"Consideration is given to the management of a fleet of autonomous vehicles (AVs) designed to support freight delivery in urban areas. The fleet of AVs is assumed operating within the general framework of an Intelligent Transportation System (ITS). Creating the technologies necessary for such ITS raises many important and complex problems related to research areas such as automated reasoning, perception, and control among others. Two of them, namely, AVs' routing and AVs' motion planning, are the main themes of this work. In this paper, we propose a novel approach for their formation and composition in the context of an ITS. Routing and motion planning decisions for AVs are assessed considering the latest traffic conditions existing on the road network. Since these conditions are usually vague and therefore difficult to be measured accurately, fuzzy logic concepts are incorporated into ITS to simulate the uncertainty in traffic networks. Solutions to the fuzzy routing and fuzzy motion planning for AVs are finally derived from a hybrid approach that combines the A-star algorithm with two modified genetic algorithms. Simulated experiments over the city of Patras (Greece) show the efficiency of the developed approach.","","Applied Intelligence","2","10.1007/s10489-022-03535-y","https://consensus.app/papers/intelligent-fleet-management-of-autonomous-vehicles-for-xidias-zacharia/0d4bfaaaadd750219aaba143c31502dd/"
"AGV routing and motion planning in a flexible manufacturing system using a fuzzy-based genetic algorithm","The proposed motion planner effectively routes and plans autonomous-guided vehicles in flexible manufacturing systems, considering uncertain demands and travel times.","P. Zacharia, E. Xidias",2020,32,"Autonomous-guided vehicles (AGVs) are becoming increasingly prevalent and already helping in a variety of activities, ranging from space exploration to domestic housework. Recent advances in the design of sensors, motors and microelectromechanical systems are bringing us closer to the realization of autonomous multi robot systems which perform complex tasks. In this work, we explored the problem of vehicle routing and motion planning for a fleet of AGVs in a flexible manufacturing system (FMS). Considering concurrently fuzzy demands associated with the workstations and fuzzy travel distances while moving between workstations, the problem is addressed in the context of uncertainty both in demands and travel times. The proposed motion planner is combined with a scheduler allowing each AGV to update its destination resource during navigation in order to complete the transported product. Furthermore, in order to take into account the fuzziness which may arise in the FMS, the proposed planner is integrated with fuzzy theory on fuzzy sets and fuzzy numbers. The efficiency of the solution procedure is demonstrated through numerical examples.","","The International Journal of Advanced Manufacturing Technology","2","10.1007/s00170-020-05755-3","https://consensus.app/papers/agv-routing-and-motion-planning-in-a-flexible-zacharia-xidias/1bff43ac46a451048d57951fc3d30631/"
"An Effective Hybrid Strategy: Multi-Fuzzy Genetic Tracking Controller for an Autonomous Delivery Van","The hybrid artificial-intelligence-based lateral control system for autonomous delivery vans reduces tracking error by up to 91.2% and 61.1% compared to manually and geometrically weighted alternatives.","M. Ghazali, Zaid Samadi, M. Gol, A. Demir, Kemal Rodoplu, T. Kabbani, Emrecan Hatipoglu, A. E. Hartavi",2025,1,"The trend towards shorter supply chains and home delivery has rapidly increased delivery van traffic. Consequently, in the 20 years prior to 2018, delivery traffic has increased by 71%, while passenger vehicles have increased only by 13%. This drastic change in traffic patterns presented new challenges to decision makers and fortunately coincided with changes in the automotive industry, i.e., the advent of automation. However, the design of a controller is not straightforward due to the complex and nonlinear vehicle dynamics and the nonlinear relationship between the controller, tracking error and trajectory. This paper proposes a novel hybrid artificial-intelligence-based lateral control system for an autonomous delivery van to address these challenges to achieve the lowest value of tracking error. The strategy consists of multiple simultaneously operating fuzzy controllers. Their output signals are optimally weighted by a genetic algorithm to determine the proper allocation of control signals for calculating the final steering angle. Six different scenarios are implemented to evaluate the algorithm. A comparative analysis is then performed with two alternative state-of-the-art methods: (i) manually weighted and (ii) geometrically weighted controllers. During the tests, the vehicle’s speed varied, and the roads considered ranged from simple roads to a series of curves. The results show that the proposed strategy leads to a reduction of up to 91.2% and 61.1% in tracking error compared to the manually and geometrically weighted alternatives, respectively.","","World Electric Vehicle Journal","2","10.3390/wevj16060336","https://consensus.app/papers/an-effective-hybrid-strategy-multifuzzy-genetic-tracking-ghazali-samadi/4c01e709c71f5b28b9eef74bc5362e85/"
"A Genetic Algorithm enhanced with Fuzzy-Logic for multi-objective Unmanned Aircraft Vehicle path planning missions*","The Fuzzy Logic enhanced Genetic Algorithm (GAF) effectively solves multi-objective UAV path planning problems, achieving optimal distance, energy efficiency, and smoothness while maintaining shortest possible traveled distance.","C. Ntakolia, Konstantinos S. Platanitis, G. Kladis, Christos Skliros, A. Zagorianos",2022,14,"The fast growth of computational-intelligence and computer vision-based approaches in the field of robotics have initiated the development of novel unmanned aircraft vehicles (UAVs) with additional capabilities for mission-critical applications, such as fire detection or delivery services. Path planning is a crucial part of the automated operation of a UAV to find the optimal path from a starting point to a target-goal point, satisfying in parallel specific criteria and constraints. To this end, traditional path planning algorithms, such as graph-based, heuristics or metaheuristics, have been adopted to address this problem. However, the complex operational environment combined with the demand for energy efficiency have emerged the need for dynamic and multi-objective path planning meeting the special characteristics of a UAV flight. To address the above challenges, in this study a novel Genetic Algorithm (GA) enhanced with Fuzzy Logic (GAF) is developed for solving the UAV multi-objective path planning problem. The proposed algorithm aims to find an optimal path with respect to contradicted objective terms, such as distance, energy efficiency and path’s curvature. In the proposed developments, the novelty of GAF rises via a two-step procedure: (i) the evaluation stage of the energy efficiency of the paths; and (ii) the evaluation stage of the GA for the development of an energy efficient, smooth path of shortest possible traveled distance. The efficacy of the approach is illustrated via a comparative experimental evaluation.","","2022 International Conference on Unmanned Aircraft Systems (ICUAS)","","10.1109/icuas54217.2022.9836068","https://consensus.app/papers/a-genetic-algorithm-enhanced-with-fuzzylogic-for-ntakolia-platanitis/58d15bb907795c2b91aa0b4c8ac9dff8/"
"Model predictive control with fuzzy logic switching for path tracking of autonomous vehicles.","The proposed multi-input multi-output linear model predictive control with fuzzy logic switching improves path tracking performance in autonomous vehicles compared to a Linear quadratic gaussian tracking controller.","N. Awad, Ahmed Lasheen, Mahmoud Elnggar, A. Kamel",2021,72,"","","ISA transactions","1","10.1016/j.isatra.2021.12.022","https://consensus.app/papers/model-predictive-control-with-fuzzy-logic-switching-for-awad-lasheen/14f41da40ba25f1a9c0a66895df57e81/"
"Fuzzy-Model-Based Lateral Control for Networked Autonomous Vehicle Systems Under Hybrid Cyber-Attacks","This paper presents a novel solution for autonomous vehicles to follow planned paths under external disturbances and network issues, such as cyber-attacks, using a fuzzy-model-based system and resilient event-triggered scheme.","Zhi Lian, Peng Shi, C. Lim, Xin Yuan",2022,190,"This article addresses the problem of lateral control problem for networked-based autonomous vehicle systems. A novel solution is presented for nonlinear autonomous vehicles to smoothly follow the planned path under external disturbances and network-induced issues, such as cyber-attacks, time delays, and limited bandwidths. First, a fuzzy-model-based system is established to represent the nonlinear networked vehicle systems subject to hybrid cyber-attacks. To reduce the network burden and effects of cyber-attacks, an asynchronous resilient event-triggered scheme (ETS) is proposed. A dynamic output-feedback control method is developed to address the underlying problem. Conditions are derived to obtain the output-feedback controller and resilient asynchronous ETS such that the closed-loop switched fuzzy system is globally exponentially stable. Examples are provided to demonstrate the effectiveness and merits of the proposed new control design techniques.","","IEEE Transactions on Cybernetics","1","10.1109/tcyb.2022.3151880","https://consensus.app/papers/fuzzymodelbased-lateral-control-for-networked-lian-shi/ad927927fafd5233a662ae049cc26c70/"
"Stability of Interval Type-3 Fuzzy Controllers for Autonomous Vehicles","The new controller, based on interval type-3 fuzzy logic systems, ensures stability and better maneuver performance in autonomous vehicles under unknown dynamics and perturbations.","M. Tian, Shu-Rong Yan, A. Mohammadzadeh, J. Tavoosi, Saleh Mobayen, Rabia Safdar, W. Assawinchaichote, M. Vu, A. Zhilenkov",2021,31,"Economic efficient Autonomous Road Vehicles (ARVs) are invariably subjected to uncertainties and perturbations. Therefore, control of vehicle systems requires stability to withstand the effect of variations in the nominal performance. Lateral path-tracking is a substantial task of ARVs, especially in critical maneuvering and cornering with variable speed. In this study, a new controller on the basis of interval type-3 (T3) fuzzy logic system (FLSs) is designed. The main novelties and advantages are as follows. (1) The uncertainty is a main challenge in the path-following problem of ARVs. However, in the fuzzy-based approaches, the bounds of uncertainty are assumed to be known. However, in the our suggested approach, the bounds of uncertainties are also fuzzy sets and type-3 FLSs with online adaptation rules are suggested to handle the uncertainties. (2) The approximation errors (AEs) and perturbations are investigated and tackled by the compensators. (3) The bounds of estimation errors are also uncertain and are estimated by the suggested adaptation laws. (4) The stability is ensured under unknown dynamics, perturbations and critical maneuvers. (5) Comparison with the benchmarking techniques and conventional fuzzy approaches verifies that the suggested path-following scheme results in better maneuver performance.","","Mathematics","2","10.3390/math9212742","https://consensus.app/papers/stability-of-interval-type3-fuzzy-controllers-for-tian-yan/a0e61c7a5c4c5fa491cc37552e56b87a/"
"A hybrid controller method with genetic algorithm optimization to measure position and angular for mobile robot motion control","This research develops a hybrid controller method with genetic algorithm optimization to improve path planning position and angular control for autonomous mobile robots.","Muhammad Razmi Bin Razali, Ahmad Athif Mohd Faudzi, Abu Ubaidah bin Shamsudin, S. Mohamaddan",2023,13,"Due to the complexity of autonomous mobile robot's requirement and drastic technological changes, the safe and efficient path tracking development is becoming complex and requires intensive knowledge and information, thus the demand for advanced algorithm has rapidly increased. Analyzing unstructured gain data has been a growing interest among researchers, resulting in valuable information in many fields such as path planning and motion control. Among those, motion control is a vital part of a fast, secure operation. Yet, current approaches face problems in managing unstructured gain data and producing accurate local planning due to the lack of formulation in the knowledge on the gain optimization. Therefore, this research aims to design a new gain optimization approach to assist researcher in identifying the value of the gain's product with a qualitative comparative study of the up-to-date controllers. Gains optimization in this context is to classify the near perfect value of the gain's product and processes. For this, a domain controller will be developed based on the attributes of the Fuzzy-PID parameters. The development of the Fuzzy Logic Controller requires information on the PID controller parameters that will be fuzzified and defuzzied based on the resulting 49 fuzzy rules. Furthermore, this fuzzy inference will be optimized for its usability by a genetic algorithm (GA). It is expected that the domain controller will give a positive impact to the path planning position and angular PID controller algorithm that meet the autonomous demand.","","Frontiers in Robotics and AI","2","10.3389/frobt.2022.1087371","https://consensus.app/papers/a-hybrid-controller-method-with-genetic-algorithm-razali-faudzi/f639efe01d5b5b298582b15387b51bcc/"
"Enhancing Intelligent Control Strategies for UAVs: A Comparative Analysis of Fuzzy Logic, Fuzzy PID, and GA-Optimized Fuzzy PID Controllers","The Genetic Algorithm-optimized Fuzzy PID controller (GAFPID) offers superior precision, adaptability, and robustness for quadrotor systems compared to Fuzzy Logic and FPID controllers.","Nigatu Wanore Madebo",2025,21,"This paper presents advanced control strategies to enhance the stability and trajectory tracking performance of quadrotor systems. The study investigates three control methodologies: the Fuzzy Logic Controller (Fuzzy), the Fuzzy Proportional-Integral-Derivative (FPID) controller, and the Genetic Algorithm (GA)-optimized Fuzzy PID controller (GAFPID). The Fuzzy controller leverages heuristic rules for adaptive control, while the FPID controller integrates conventional PID dynamics with fuzzy logic to improve precision and robustness. The GAFPID controller employs evolutionary computation through a genetic algorithm to optimize parameter tuning, offering superior control performance. Comparative simulations are conducted under diverse operating conditions, including external disturbances and parameter variation scenarios, with performance evaluated using the Integral of Time-weighted Absolute Error (ITAE) metric. Results demonstrate that the GAFPID controller outperforms the other approaches in terms of precision, adaptability, and robustness, establishing it as a promising solution for complex quadrotor applications.","","IEEE Access","1","10.1109/access.2025.3532743","https://consensus.app/papers/enhancing-intelligent-control-strategies-for-uavs-a-madebo/9ac2539d9fee5b7c89986cae2b4bef65/"
"A technical review on navigation systems of agricultural autonomous off-road vehicles","Autonomous farm vehicles can achieve centimeter-level accuracy in precision agriculture, but more work is needed to gain farmer's consensus and address safety, economy, and standardization concerns.","H. Mousazadeh",2013,189,"","literature review","Journal of Terramechanics","1","10.1016/j.jterra.2013.03.004","https://consensus.app/papers/a-technical-review-on-navigation-systems-of-agricultural-mousazadeh/9abd3b2d402753f484101f2abbbbe58f/"
"Position Control System On Autonomous Vehicle Movement Using Fuzzy Logic Methods","The Sugeno fuzzy logic method effectively controls autonomous vehicle position and movement, reducing heading error and ensuring safe driving.","Bhakti Yudho, Diah Rahmah Suprapto, Muhammad Dini, Naufal Ghiffari, Patrick Iskandar, Kusuma Wijaya, Suci Rendyansyah, Dwijayanti",2022,1,"An autonomous vehicle is designed to be driven automatically without a crew controlling it. The autonomous vehicle can ease the people in driving. Thus, a control system is important to ensure the autonomous electric vehicle run properly. Various control systems can be implemented on the autonomous vehicle. However, the previous studies have shown that the inaccuracy and inconsistency may still occur. Thus, this study presents the combination of compass and fuzzy logic to control the position of the autonomous vehicle. The Sugeno fuzzy logic method is used to control the position of the movement of autonomous vehicle by considering several inputs, such as the direction to the destination, the position of the destination, and the distance to the intended target. Meanwhile, the rotational speed of the motor becomes the output. In this study, the autonomous vehicle was run in Universitas Sriwijaya located in two locations, namely at Palembang Campus, and Indralaya Campus. The results show that the autonomous vehicle was able to reach the destination position with the motor speed output on the autonomous electric vehicle which was read according to the fuzzy. This study shows that fuzzy rule for 5 memberships function has the lowest heading error of 6.8 degrees compared to 3 memberships function. Nevertheless, 3 memberships function has the shortest time to reach the destination. The results of this study indicate that the control system using the fuzzy logic method works well.","","2022 5th International Seminar on Research of Information Technology and Intelligent Systems (ISRITI)","","10.1109/isriti56927.2022.10052888","https://consensus.app/papers/position-control-system-on-autonomous-vehicle-movement-yudho-suprapto/554388638fd05d06b139f25cb5b3a4d9/"
"Fuzzy Logic-Based Control for Autonomous Vehicle: A Survey","Fuzzy logic-based control simplifies and smoothens collision avoidance in autonomous vehicles, improving their overall performance.","I. Emmanuel",2017,21,"Fuzzy set, since its advent has played an important role in control systems and many other area of applications. One of such area is the control of autonomous vehicle. There seem to be some difficulty however, for a new timer trying to get a clear picture of the autonomous navigation problem. To this end, this survey presents a panoramic view of the Intelligent Transportation Systems with some few example of the Advance Driver Assistance Systems and a good discussion on the autonomous systems with its eminent problems. More attention was focused on the fuzzy controllers designed for collision avoidance; as its performance has largely simplified and smoothens the collision avoidance process of an autonomous vehicular system.","","International Journal of Education and Management Engineering","","10.5815/ijeme.2017.02.05","https://consensus.app/papers/fuzzy-logicbased-control-for-autonomous-vehicle-a-survey-emmanuel/3f92622b32e1527b8c22af817ee00bf0/"
"Lateral control of autonomous vehicles based on fuzzy logic","This paper proposes a fuzzy logic-based method for designing lateral control laws and determining driving speeds in autonomous vehicles, reducing noise in reference path data and improving performance on both simple and complex reference paths.","Xinyu Wang, M. Fu, Yi Yang, Hongbin Ma",2013,134,"","","2013 25th Chinese Control and Decision Conference (CCDC)","","10.1016/j.conengprac.2014.09.015","https://consensus.app/papers/lateral-control-of-autonomous-vehicles-based-on-fuzzy-wang-fu/1864d9d17b995bc38957e3ae1451bb2e/"
"Intelligent path programming approach for autonomous ecological vehicles based on fuzzy logic control","Fuzzy logic-based intelligent controllers are reliable and simple to implement for autonomous vehicle driving and green agriculture tasks.","Biyogo Nchama Vicente Angel Obama, H. Akram, Ye Yukun, H. Haoyu, Shuang Zhao, Shi Peng",2025,0,"This paper proposes an intelligent path-planning approach for autonomous vehicle driving based on fuzzy control. Compared to the traditional control method, this approach is applied directly to the nonlinear system, additionally, this approach is simple to implement compared to the modern adaptive and predictive nonlinear controllers. This research finding aims to be compatible with the existing global satellite positioning systems and the emerging green ecological technologies, equipping the vehicle with reliable technology to track target trajectories autonomously and accomplish multiple tasks in autonomous driving and green agriculture. The paper focuses on ground vehicles’ nonlinear dynamics control and analysis in different topological scenarios. The simulation results prove the reliability of using the fuzzy logic-based intelligent controller to train the system to track the desired trajectory and orientation autonomously, providing a great reference for designing an intelligent multi-use vehicle and a valuable reference for nonlinear system control.","","Journal of Physics: Conference Series","","10.1088/1742-6596/3041/1/012031","https://consensus.app/papers/intelligent-path-programming-approach-for-autonomous-obama-akram/95c8dc21d86455ae80eebbd6ab73134e/"
"PDCA-Guided Development of Fuzzy Logic Controller for Autonomous Vehicle Cruise Control and Collision Avoidance","Fuzzy logic can effectively control autonomous vehicles through simple, low-cost controllers, enabling cruise control and collision avoidance.","César Tadeu Nasser Medeiros Branco, Rafael D. C. Santos",2024,1,"The advancement of the automotive industry towards automation has fostered a growing integration between this field and automation. Future projects aim for the complete automation of the act of driving, enabling the vehicle to operate independently after the driver inputs the desired destination. In this context, the use of simulation systems becomes essential for the development and testing of control systems. This work proposes the control of an autonomous vehicle through fuzzy logic. Fuzzy logic allows for the development of sophisticated control systems in simple, easily maintainable, and low-cost controllers, proving particularly useful when the mathematical model is subject to uncertainties. To achieve this goal, the PDCA method was adopted to guide the stages of defining the problem, implementation, and evaluation of the proposed model. The code implementation was done in Python and validated using different looping scenarios. Three linguistic variables were used, one with three fuzzy sets. As a result, nine rules were implemented in order to evaluate the vehicle’s response. An iterative loop was proposed to model different acceleration, deceleration or speed maintenance scenarios. The implementation of a system controlled by fuzzy logic was performed using the Python programming language. The simulations validated the speed adjustment, proving to be efficient for applications in autonomous vehicles as a simple and low computational cost approach.","","SAE Technical Paper Series","3","10.4271/2024-36-0188","https://consensus.app/papers/pdcaguided-development-of-fuzzy-logic-controller-for-branco-santos/f7e30db51efa5707929e177957e63488/"
"Development of a hybrid crisp-fuzzy logic algorithm optimised by genetic algorithms for path-planning of an autonomous mobile robot","The hybrid crisp-fuzzy logic algorithm, combined with genetic algorithms, effectively navigates autonomous mobile robots in unknown environments, enabling human-like decision-making and obstacle avoidance.","C. Fayad, Phil Webb",2017,14,"This paper deals with the problem of autonomous mobile robot navigating in unknown environments. The approach developed is reactive in a behaviour-based framework aimed at multiple obstacle avoidance. We use a novel hybrid logic integrating fuzzy and crisp to enable the robot with a human like decision-making ability and avoid failure when world set-ups mismatch with the fuzzy system designer expectancies. Finally, a genetic algorithm is used as means of optimised search within the space of the fuzzy parameters of the hybrid system.","","Journal of Intelligent and Fuzzy Systems","2","10.18374/jifs-17-1.2","https://consensus.app/papers/development-of-a-hybrid-crispfuzzy-logic-algorithm-fayad-webb/56f3ecd6270e5801a2b2e4e1a3109938/"
"Risk estimation for self-driving simulation using fuzzy logic and genetic algorithm","Fuzzy logic and genetic algorithms can effectively simulate human-like driving in self-driving simulations by estimating the risk levels of obstacles based on distance from drivers and priority of avoidance.","T. Kurosaka, T. Gonsalves",2018,0,"Recent years, self-driving technology attracts people’s attention. On self-driving, the most important thing is safety. In order to keep driving safe, driver needs to dodge obstacles on a road safely. So computer should control the car properly. This study focus on avoidance based on “human sense”. People preferentially avoid children or elderly people. So human have some priority of obstacle to dodge. But it’s very ambiguous information. “Fuzzy logic” is mathematical logic that can deal with vague information. This logic is a useful to let computer reproduce human sense. To reproduce more faithfully, I used Genetic Algorithm on optimizing the shape of graph of Fuzzy logic’s function. Using these method, I made risk calculator. The calculator can give us the risk level (0~10) of each obstacles from two materials: “distance from drivers” and “priority of avoidance”. Then, I tried “vision-based self-driving simulation” on 3D environment using the calculator. By controlling the car based on that risk level, computer can drive a car more humanly. It turns out that Fuzzy logic and GA are good tool to simulate human-like driving.","","","","10.1117/12.2514031","https://consensus.app/papers/risk-estimation-for-selfdriving-simulation-using-fuzzy-kurosaka-gonsalves/9e243e4a66635586ab82cc2c76fa589a/"
"Hybrid fuzzy-based sliding-mode control approach, optimized by genetic algorithm for quadrotor unmanned aerial vehicles","The hybrid fuzzy-based sliding-mode control approach, optimized by a genetic algorithm, effectively ensures system stability in quadrotor unmanned aerial vehicles.","M. Pazooki, A. H. Mazinan",2017,35,"According to the diverse applications of quadrotors in various military and space industries, this study attempts to focus on the modeling and simulation of a particular type of such robots, entitled unmanned aerial vehicles. The quadrotors are the vertical flying robots that contain four engines with impeller and it is possible to control this flyer with respect to the transitional force on these impellers. In fact, the quadrotors are the flyers with four propellers in a crisscross structure. These propellers allow the possibility of various movements to the quadrotors in such a way that control signals are applied to its operators and the difference in rotor speeds leads to the generation of different forces and movements. Such systems are dynamically unstable. Due to the nonlinear nature of quadrotor systems, modeling uncertainties and unmodeled dynamics in these systems, the need to design a suitable controller for optimal performance in different working conditions is strongly felt. In this paper, research on the modeling of unmanned flying robots in recent years is firstly reviewed and a mathematical model has been proposed for quadrotor robots with 6 degrees of freedom on the basis of the popular Newton–Euler equations. In the following, the capability of hybrid fuzzy-based sliding-mode control approach has been used to ensure the system stability. In addition, the genetic algorithm has been added to the control structure in order to optimize the proposed control system to meet the requirement of realizing fuzzy-based control approach. The results of the simulations in Matlab software clearly demonstrate that the state variables of the quadrotor robot reach a certain situation and place at the right time, once the nominal inputs are considered.","","Complex & Intelligent Systems","","10.1007/s40747-017-0051-y","https://consensus.app/papers/hybrid-fuzzybased-slidingmode-control-approach-pazooki-mazinan/efa55d7888c2510a86690bf70a3b1da2/"
"A fuzzy-genetic based embedded-agent approach to learning and control in agricultural autonomous vehicles","The fuzzy-genetic based autonomous robot effectively navigates agricultural tasks under various conditions, achieving rapid convergence without simulation.","H. Hagras, V. Callaghan, M. Colley, M. Carr-West",1999,38,"This paper describes the design of a fuzzy controlled autonomous robot, incorporating genetic algorithms (GA) based rule learning, for use in an outdoor agricultural environment for path and edge following activities which involve spraying insecticide, distributing fertilisers, ploughing, harvesting, etc. The robot has to navigate under different ground and weather conditions. This paper addresses the development of an online self-learning system based on modified version of the fuzzy classifier system. The proposed technique has resulted in rapid convergence suitable for learning individual behaviours online without the need for simulation. The controller was tested on both an in-door and out-door mobile robot operating with different types of sensors, propulsion and steering. Experiments include operating the vehicle following irregular crop edges under different weather and ground conditions within a tolerance in the order of 2 inches.","","Proceedings 1999 IEEE International Conference on Robotics and Automation (Cat. No.99CH36288C)","","10.1109/robot.1999.772444","https://consensus.app/papers/a-fuzzygenetic-based-embeddedagent-approach-to-learning-hagras-callaghan/e149f75ab17d5777ad154fbd45a99eb8/"
"Automatic lateral control for unmanned vehicles via genetic algorithms","This paper presents a method to adjust a fuzzy controller automatically for unmanned steering wheel management in mass-produced vehicles, using information from a human driver's handling to improve driving performance and smoothness.","E. Onieva, J. Naranjo, V. M. Montero, J. Alonso, Ricardo García, Joshué Pérez",2010,94,"","","Appl. Soft Comput.","1","10.1016/j.asoc.2010.04.003","https://consensus.app/papers/automatic-lateral-control-for-unmanned-vehicles-via-onieva-naranjo/6ce047747202557d8d8045eab156bdff/"
"HEADING CONTROL OF AUTOMATED GUIDED VEHICLES","Fuzzy logic based PID control and LIDAR and camera based technologies improve Automated Guided Vehicles (AGVs) productivity and reduce conflicts compared to conventional methods.","A. Bhardwaj, Kshitij Anand, Murtaza Khasamwala",2021,0,"With rapid developments in industry wide
automation control systems, there have been numerous
proposed design and control strategies as alternatives to
conventional methods. This term paper deals with the same
in the context of Automated Guided Vehicles (AGV’s) with
a review of the current literature for proposed design
improvements as well as trajectory control systems that can
improve productivity and reduce conflicts compared to
current methods. The results of these proposed methods are
also compared in contrast to each other to obtain holistic
view of the merits and demerits of the same. It is found that
a fuzzy logic based PID control is a definite upgrade over
conventional PID control systems and that the application of
LIDAR and Camera based technologies can help enable free
roaming AGV’s lending to increased robustness and
flexibility. For a control system consisting of a single AGV
and multiple processing stations, a genetic algorithm
enhanced centralized fuzzy logic control system is the most
optimal path planning algorithm whereas in the cases of
multiple robots, a dynamic priority allocated free roaming
AGVsystem with semi-decentralized control is found to be
much more efficient at simultaneously solving paths and
reducingconflicts with other robots in real time compared to
the purely centralized systems.
","literature review","International Journal of Engineering Applied Sciences and Technology","","10.33564/ijeast.2021.v06i03.028","https://consensus.app/papers/heading-control-of-automated-guided-vehicles-bhardwaj-anand/a4f9dad091f55458808c9ac34617072a/"
"Adaptive Fuzzy Logic Controllers Using Hybrid Genetic Algorithms","The hybrid genetic algorithms-based adaptive fuzzy logic controller design method improves the accuracy of fuzzy logic controllers, outperforming passive control strategies, human-designed controllers, and neural-fuzzy control algorithms.","P. C. Shill, A. Paul, K. Murase",2019,3,"In this paper, an integration of fuzzy logic controllers (FLCs) with hybrid genetic algorithms (HGAs) is developed with a view to make the design process fully automatic, without requiring any human expert and numerical data. Our approach consists of two phases: first phase involves selection and definition of fuzzy control rules as well as adjustment of membership functions parameters, while the second phase performs an optimal selection of membership function types corresponding to fuzzy control rules. Learning both parts concurrently represents a way to improve the accuracy of the FLCs to minimize the errors. It has been argued that the performance of FLCs greatly depends on the parameters as well as types of membership functions. Thus, the aforementioned HGAs are a viable solution for designing an efficient adaptive FLCs system. To demonstrate the effectiveness of the proposed method for optimal design of the FLCs, the proposed approach is applied to a well-known benchmark controller design tasks, car and truck-and-trailer like robot system. Simulation results illustrates that proposed optimization approach can find optimal fuzzy rules and their corresponding membership functions types with a high rate of accuracy. The new HGAs optimized adaptive FLCs outperforms not only a passive control strategy but also human-designed FLCs, a neural coded controller with clustering and a neural-fuzzy control algorithm.","","Int. J. Uncertain. Fuzziness Knowl. Based Syst.","","10.1142/s021848851950003x","https://consensus.app/papers/adaptive-fuzzy-logic-controllers-using-hybrid-genetic-shill-paul/dfc8942584f450efa91a04922ab3fe54/"
"Comparative study of soft computing techniques for mobile robot navigation in an unknown environment","Hybrid fuzzy logic controls with soft computing techniques, specifically GA-Fuzzy and PSO-Fuzzy, are most efficient for mobile robot navigation in an unstructured environment.","Mohammed Algabri, H. Mathkour, R. Hedjar, M. Alsulaiman",2015,93,"","","Comput. Hum. Behav.","1","10.1016/j.chb.2015.03.062","https://consensus.app/papers/comparative-study-of-soft-computing-techniques-for-mobile-algabri-mathkour/9c81275157285d148e2473870f9ab3d5/"
"Towards Agrobots: Trajectory Control of an Autonomous Tractor Using Type-2 Fuzzy Logic Controllers","The proposed control algorithm effectively learns the interactions between subsystems in an autonomous tractor, ensuring optimal yield while reducing operator workload.","Erdal Kayacan, E. Kayacan, H. Ramon, O. Kaynak, W. Saeys",2015,96,"Provision of some autonomous functions to an agricultural vehicle would lighten the job of the operator but in doing so, the accuracy should not be lost to still obtain an optimal yield. Autonomous navigation of an agricultural vehicle involves the control of different dynamic subsystems, such as the yaw angle dynamics and the longitudinal speed dynamics. In this study, a proportional-integral-derivative controller is used to control the longitudinal velocity of the tractor. For the control of the yaw angle dynamics, a proportional-derivative controller works in parallel with a type-2 fuzzy neural network. In such an arrangement, the former ensures the stability of the related subsystem, while the latter learns the system dynamics and becomes the leading controller. In this way, instead of modeling the interactions between the subsystems prior to the design of a model-based control, we develop a control algorithm which learns the interactions online from the measured feedback error. In addition to the control of the stated subsystems, a kinematic controller is needed to correct the errors in both the x- and the y- axis for the trajectory tracking problem of the tractor. To demonstrate the real-time abilities of the proposed control scheme, an autonomous tractor is equipped with the use of reasonably priced sensors and actuators. Experimental results show the efficacy and the efficiency of the proposed learning algorithm.","","IEEE/ASME Transactions on Mechatronics","1","10.1109/tmech.2013.2291874.","https://consensus.app/papers/towards-agrobots-trajectory-control-of-an-autonomous-kayacan-kayacan/5b811aac0c7c5796a9dd4c175bd0ddaf/"
"Advancing Autonomous Vehicle Navigation through Hybrid Fuzzy-Neural Network Training Systems","A hybrid training approach combining fuzzy logic and back-propagation learning algorithms significantly improves autonomous vehicle navigation accuracy in real-time scenarios under hardware constraints.","Ammar Alzaydi, Kahtan Abedalrhman, Ibrahim Alotaibi, Fahad Alessa",2024,4,"In the evolving realm of autonomous vehicle navigation, the integration of fuzzy logic and neural networks presents a formidable challenge, particularly in the context of real-time, on-the-fly neural network training. This paper addresses the gap in dynamic and adaptable training methods necessary for navigating unpredictable environments with limited computational resources. The primary objective of our study is to empirically validate a hybrid training approach that combines fuzzy logic with back-propagation learning algorithms, aiming to optimize neural network performance under hardware constraints. Our methodology leverages a fuzzy logic trainer to provide initial training sets dynamically, which guide the neural network in adjusting its weights in real time, thus facilitating adaptive learning during navigation tasks. The findings reveal that this integrated approach not only enhances the learning efficiency of neural networks but also significantly improves navigation accuracy in real-time scenarios. These advancements contribute to the field by demonstrating the feasibility of deploying more adaptable and robust autonomous navigation systems, potentially expanding their application in more diverse and challenging environments.","","Advances in Research","","10.9734/air/2024/v25i51164","https://consensus.app/papers/advancing-autonomous-vehicle-navigation-through-hybrid-alzaydi-abedalrhman/b82348d191ca5062b324e75b27bbf813/"
"Genetic Algorithm-based Control of a Two-Wheeled Self-Balancing Robot","Genetic algorithm-based switching control improves the performance of two-wheeled self-balancing mobile robots in various tests, demonstrating the potential of meta-heuristic algorithms for optimizing unstable systems in fast-changing environments.","Kleon Dimitrios Papadimitriou, Nikita Murasovs, M. Giannaccini, S. Aphale",2025,3,"Mobile robots are becoming increasingly popular in a wide array of applications: industrial, item delivery, search and rescue, space, social, and entertainment. A two-wheeled self-balancing mobile robot is a statically unstable non-linear system with strong coupling dynamics. Common practices in the development of control systems for such robots are either to linearise the region of application to be used with linear controllers or to use complex nonlinear controllers such as fuzzy logic, sliding mode, and neural networks. However, self-balancing robots are still restricted by the travelling distance needed to regain an upright stance, the length of settling time, high overshoot and lack of resilience to external disturbance. In this paper, we are proposing a novel genetic algorithm-based switching control to evolve more effective control parameters and increase autonomy. Differently from previous work a genetic algorithm has been used to select the parameters in a sliding mode control and a switching-algorithm-based controller of a two-wheeled self-balancing mobile robot. The performance of the proposed controllers is assessed in simulations using the CoppeliaSim environment. The tests used dynamic criteria (distance travelled, maximum angular deviation), control criteria (settling time, % overshoot). The results showed that the genetic algorithm-based control has better performance in the 55 degree recovery, impulse response and variable inclination tests and that switching algorithm-based control shows better performance in step response tests. The results produced by the evolutionary algorithm are often able to perform better than their analytic counterparts. This shows the potential of meta-heuristic algorithms to obtain solutions for optimization problems encountered by statically unstable non-linear systems in unstructured and fast-changing environments.","","Journal of Intelligent & Robotic Systems","1","10.1007/s10846-025-02236-1","https://consensus.app/papers/genetic-algorithmbased-control-of-a-twowheeled-papadimitriou-murasovs/3e4ddb2135f951fe9289f11be41bb3a0/"
"Control Strategies for Autonomous Vehicles: A Comparative Review of Classical and Intelligent Methods","This paper compares classical and intelligent control strategies for autonomous vehicles, helping researchers and system designers choose appropriate options based on constraints and objectives.","Karima Bensassi, Tarik Jarou, Jawad Abdouni, Mohamed Amkrane, Oumaima Id-Ouakrim, Mustapha Abarkan",2025,0,"In recent years, research into autonomous vehicles has really taken off thanks to increasingly powerful sensors, powerful on-board computing units, artificial intelligence, and advances in control theory. At the heart of these vehicles, the control system is essential, ensuring safety, precision, stability, and the ability to adapt to an unpredictable world where situations can change in a matter of milliseconds. Several control techniques have been developed to address the challenges associated with trajectory tracking, trajectory planning, and real-time decision-making. These strategies can be grouped into two broad categories: classical methods, such as linear quadratic regulators (LQR), proportional-integral-derivative (PID) controllers, and model predictive control (MPC), and intelligent methods, including fuzzy logic, artificial neural networks (ANN), and reinforcement learning (RL). This article provides an in-depth comparative review of conventional and intelligent approaches used for controlling autonomous vehicles. This work aims to provide researchers and system designers with a clear overview of the various control strategies available and to help them make appropriate choices based on constraints and objectives. The article concludes by identifying current trends and research prospects for designing more adaptive, robust, and reliable control systems in the field of autonomous vehicles.","","2025 International Conference on Electrical Systems & Automation (ICESA)","","10.1109/icesa66763.2025.11281170","https://consensus.app/papers/control-strategies-for-autonomous-vehicles-a-comparative-bensassi-jarou/16330f3f187b532c9d8b2997e33ddec9/"
"Fuzzy Integrated Cell Formation and Production Scheduling Considering Automated Guided Vehicles and Human Factors","The WOA algorithm outperforms other algorithms in computational efficiency and accuracy for cell formation and scheduling in cellular manufacturing systems, considering automated guided vehicles and human factors.","A. Goli, E. B. Tirkolaee, N. S. Aydın",2021,133,"In today's competitive environment, it is essential to design a flexible-responsive manufacturing system with automatic material handling systems. In this article, a fuzzy mixed integer linear programming model is designed for cell formation problems including the scheduling of parts within cells in a cellular manufacturing system (CMS) where several automated guided vehicles (AGVs) are in charge of transferring the exceptional parts. Notably, using these AGVs in CMS can be challenging from the perspective of mathematical modeling due to consideration of AGVs’ collision as well as parts pickup/delivery. This article investigates the role of AGVs and human factors as indispensable components of automation systems in the cell formation and scheduling of parts under fuzzy processing time. The proposed objective function includes minimizing the makespan and intercellular movements of parts. Due to the NP-hardness of the problem, a hybrid genetic algorithm (GA/heuristic) and a whale optimization algorithm (WOA) are developed. The experimental results reveal that our proposed algorithms have a high performance compared to CPLEX and the other two well-known algorithms, i.e., particle swarm optimization and ant colony optimization, in terms of computational efficiency and accuracy. Finally, WOA stands out as the best algorithm to solve the problem.","","IEEE Transactions on Fuzzy Systems","1","10.1109/tfuzz.2021.3053838","https://consensus.app/papers/fuzzy-integrated-cell-formation-and-production-goli-tirkolaee/3e668a56b2ff5d4c934967d47a412dbd/"
"Fuzzy Static Output Feedback Control for Path Following of Autonomous Vehicles With Transient Performance Improvements","The proposed Fuzzy Static Output Feedback Control for Autonomous Vehicles improves transient performance and reduces design conservatism, enabling real-time implementation without expensive sensors.","Anh‐Tu Nguyen, C. Sentouh, Hui Zhang, J. Popieul",2020,99,"This paper provides a new solution for path following control of autonomous ground vehicles. <inline-formula> <tex-math notation=""LaTeX"">$\mathcal {H}_{2}$ </tex-math></inline-formula> control problem is considered to attenuate the effect of the road curvature disturbance. To this end, we formulate a standard model from the road-vehicle dynamics, the <italic>a priori</italic> knowledge on the road curvature, and the path following specifications. This standard model is then represented in a Takagi–Sugeno fuzzy form to deal with the time-varying nature of the vehicle speed. Based on a static output feedback scheme, the proposed method allows avoiding expensive vehicle sensors while keeping the simplest control structure for real-time implementation. The concept of <inline-formula> <tex-math notation=""LaTeX"">$\mathcal {D}-$ </tex-math></inline-formula>stability is exploited using Lyapunov stability arguments to improve the transient behaviors of the closed-loop vehicle system. In particular, the physical upper and lower bounds of the vehicle acceleration are explicitly considered in the design procedure via a parameter-dependent Lyapunov function to reduce drastically the design conservatism. The proposed <inline-formula> <tex-math notation=""LaTeX"">$\mathcal {H}_{2}$ </tex-math></inline-formula> design conditions are expressed in terms of linear matrix inequalities (LMIs) with a single line search parameter. The effectiveness of the new path following control method is clearly demonstrated with both theoretical illustrations and hardware experiments under real-world driving situations.","","IEEE Transactions on Intelligent Transportation Systems","1","10.1109/tits.2019.2924705","https://consensus.app/papers/fuzzy-static-output-feedback-control-for-path-following-of-nguyen-sentouh/9d09e19e491c50d081d0aa4b0900aef8/"
"Steering Control in Electric Power Steering Autonomous Vehicle Using Type-2 Fuzzy Logic Control and PI Control","Type-2 fuzzy logic control combined with PI control provides smoother and safer steering in autonomous vehicles compared to type-1 fuzzy logic control and PI control.","B. Suprapto, Sri Arttini Dwi Prasetyowati, Zainuddin Nawawi",2022,26,"The steering system in autonomous vehicles is an essential issue that must be addressed. Appropriate control will result in a smooth and risk-free steering system. Compared to other types of controls, type-2 fuzzy logic control has the advantage of dealing with uncertain inputs, which are common in autonomous vehicles. This paper proposes a novel method for the steering control of autonomous vehicles based on type-2 fuzzy logic control combined with PI control. The primary control, type-2 fuzzy logic control, has three inputs—distance, navigation, and speed. The fuzzy system’s output is the steering angle value. This was used as input for the secondary control, PI control. This control is in charge of adjusting the motor’s position as a manifestation of the steering angle. The study results applied to the EPS system of autonomous vehicles revealed that type-2 fuzzy logic control and PI control produced better and smoother control than type-1 fuzzy logic control and PI. The slightest disturbance in the type-1 fuzzy logic control showed a significant change in steering, while this did not occur in the type-2 fuzzy logic control. The results indicate that type-2 fuzzy logic control and PI control could be used for autonomous vehicles by maintaining the comfort and safety of the users.","","World Electric Vehicle Journal","2","10.3390/wevj13030053","https://consensus.app/papers/steering-control-in-electric-power-steering-autonomous-suprapto-prasetyowati/e535980b4218579dbcf06bf41478d0e2/"
"Navigational fuzzy logic control of an autonomous vehicle","Fuzzy logic is used in designing an autonomous vehicle controller to adapt to various uncertainties and effectively navigate through obstacles.","N. Hodge",2019,0,"Navigational Fuzzy Logic Control of an Autonomous Vehicle byNeil Eugene Hodge Dr. Mohamed Trabia. E.xamination Committee Chair Professor o f Mechanical Engineering University o f Nevada. Las Vegas The control o f an autonomous passenger vehicle to reach a target amid static and dynamic obstacles is presented. To accommodate various model and environmental uncertainties, fuzzy logic is used in designing the vehicle's controller. The controller evaluates sensor information and outputs signals to change the vehicle's steering and throttle angles. To emulate human behavior, the controller is divided into separate modules. Each module deals with a specific navigational problem such as target steering, target throttle control, cornering throttle control, collision avoidance steering, and collision avoidance throttle control. Several simulation examples are included.","","","","","https://consensus.app/papers/navigational-fuzzy-logic-control-of-an-autonomous-vehicle-hodge/4585619d793c5faf98b508c9c7f07a53/"
"Conditional DQN-Based Motion Planning With Fuzzy Logic for Autonomous Driving","The conditional deep Q-network with fuzzy logic improves autonomous driving performance and stability by using global path information and fuzzy control for directional planning.","Long Chen, Xuemin Hu, Bo Tang, Yu Cheng",2022,116,"Motion planning is one of the most significant part in autonomous driving. Learning-based motion planning methods attract many researchers’ attention due to the abilities of learning from the environment and directly making decisions from the perception. The deep Q-network, as a popular reinforcement learning method, has achieved great progress in autonomous driving, but these methods seldom use the global path information to handle the issue of directional planning such as making a turning at an intersection since the agent usually learns driving strategies only by the designed reward function, which is difficult to adapt to the driving scenarios of urban roads. Moreover, different motion commands such as the steering wheel and accelerator are associated with each other from classic Q-networks, which easily leads to an unstable prediction of the motion commands since they are independently controlled in a practical driving system. In this paper, a conditional deep Q-network for directional planning is proposed and applied in end-to-end autonomous driving, where the global path is used to guide the vehicle to drive from the origination to the destination. To handle the dependency of different motion commands in Q-networks, we take use of the idea of fuzzy control and develop a defuzzification method to improve the stability of predicting the values of different motion commands. We conduct comprehensive experiments in the CARLA simulator and compare our method with the state-of-the-art methods. Experimental results demonstrate the proposed method achieves better learning performance and driving stability performance than other methods.","","IEEE Transactions on Intelligent Transportation Systems","1","10.1109/tits.2020.3025671","https://consensus.app/papers/conditional-dqnbased-motion-planning-with-fuzzy-logic-for-chen-hu/fe13ba86f3d65cf98d127334d9da8bef/"
"Robust Set-Invariance Based Fuzzy Output Tracking Control for Vehicle Autonomous Driving Under Uncertain Lateral Forces and Steering Constraints","The proposed fuzzy static output feedback (SOF) scheme improves driving safety and comfort in autonomous vehicles by addressing uncertain tire-road forces and steering constraints without needing costly vehicle sensors.","Anh‐Tu Nguyen, J. Rath, T. Guerra, R. Palhares, Hui Zhang",2021,108,"This paper is concerned with a new control method for path tracking of autonomous ground vehicles. We exploit the fuzzy model-based control framework to deal with the time-varying feature of the vehicle speed and the highly uncertain behaviors of the tire-road forces involved in the nonlinear vehicle dynamics. To avoid using costly vehicle sensors for feedback control while favoring the simplest control structure for real-time implementation, a new fuzzy static output feedback (SOF) scheme is proposed. In particular, though the robust set-invariance property and Lyapunov-based arguments, the physical constraints on the steering input saturation and the vehicle state can be taken into account in the control design to improve the driving safety and comfort. The theoretical development relies on the use of fuzzy Lyapunov functions and the non-parallel distributed compensation control concept to reduce the design conservatism. Exploiting some specific convexification techniques, the control design is reformulated as an optimization problem under linear matrix inequalities with a single line search, which are efficiently solved via semidefinite programming techniques. The proposed fuzzy path tracking controller is evaluated through various dynamic driving tests conducted with high-fidelity CarSim/Matlab co-simulations. Moreover, to emphasize the advantages of the new fuzzy SOF controller, a performance comparison with the CarSim driver model is also performed.","","IEEE Transactions on Intelligent Transportation Systems","1","10.1109/tits.2020.3021292","https://consensus.app/papers/robust-setinvariance-based-fuzzy-output-tracking-control-nguyen-rath/76dc86ab96c95e96ac71060c09a1583f/"
